"<ID|readonly|noverify>";"<English>";"<French>";"<Italian>";"<German>";"<Spanish>";"<Russian>";"<Polish>";"<Czech>";"<Turkish>";"<Chinese>";"<Japanese>";"<Portuguese>";"<Ukrainian>";"<Serbian>";"<Hungarian>";"<Korean>";"<Belarusian>";"<Romanian>";"<TChinese>";"<HChinese>";"<Comments>";"<max_chars>"
"missions/tutorial01";"Takeoff and Basic Flight Controls";"Décollage et contrôles de vol de base";"Decollo e comandi di volo basilari";"Starten und grundlegende Flugzeugsteuerung";"Controles de despegue y de vuelo básico";"Взлёт и основы управления самолётом";"Start i podstawy sterowania";"Vzlet a ovládání letadla";"Kalkış ve Temel Uçuş Kontrolleri";"起\t飞\t与\t飞\t行\t基\t本\t控\t制";"離陸と\t基本的な\t操縦方法";"Decolagem e Controles Básicos de Voo";"Зліт і основи керування літаком";"Poletanje i osnovne kontrole letenja";"Felszállás és alapvető repülőgép-irányítás";"이륙 및 기본 비행 조종법";"Узлёт і асновы кіравання самалётам";"Decolare și comenzi de bază pentru zbor";"起\t飛\t與\t飛\t行\t基\t本\t控\t制";"起\t飞\t与\t飞\t行\t基\t本\t控\t制";;
"missions/tutorial02";"Aerial Combat and Landing";"Bataille aérienne et atterrissage";"Duello aereo e atterraggio";"Luftkampf und Landung";"Combate aéreo y aterrizaje";"Воздушный бой и посадка";"Walka powietrzna i lądowanie";"Vzdušný boj a přistání";"Hava Muharebesi ve İniş";"空\t战\t与\t着\t陆";"空中戦と\t着陸";"Combate Aéreo e Aterragem";"Повітряний бій та посадка";"Vazdušna borba i sletanje";"Légi harc és leszállás";"공중전 및 착륙";"Паветраны бой і пасадка";"Luptele aeriene și aterizarea";"空\t戰\t與\t著\t陸";"空\t战\t与\t着\t陆";;
"missions/tutorial03";"Dive-Bombing and Carrier Landing";"Bombarder en piqué et atterrir sur un porte-avions";"Bombardamento in picchiata e atterraggio su portaerei";"Sturzkampf und Flugzeugträgerlandung";"Bombardeo en picado y aterrizaje en portaaviones";"Бомбардировка в пикировании и посадка на авианосец";"Bombardowanie podczas nurkowania i lądowanie na lotniskowcu";"Střemhlavé bombardování a přistání na palubě";"Pike Bombardımanı ve Uçak Gemisine İniş";"俯\t冲\t轰\t炸\t与\t航\t母\t着\t舰";"急降下爆撃と\t空母への\t着艦";"Bombardeamento de Mergulho e Aterragem em Porta-Aviões";"Бомбардування в пікіруванні та посадка на авіаносець";"Bombardovanje iz poniranja i sletanje na nosač aviona";"Zuhanóbombázás és leszállás repülőgép-hordozóra";"급강하 폭격 및 항모 착함";"Бомбакіданне ў пікіраванні і пасадка на авіяносец";"Bombardamentul în picaj și aterizarea pe portavion";"俯\t衝\t轟\t炸\t與\t航\t母\t著\t艦";"俯\t冲\t轰\t炸\t与\t航\t母\t着\t舰";;
"missions/tutorial04";"Carrier Takeoff and Torpedoing";"Décollage sur le porte-avion et lancé des torpilles";"Decollo da portaerei e lancio siluri";"Flugzeugträgerstart und Torpedoangriffe";"Despegue de portaaviones y lanzamiento de torpedos ";"Взлёт с авианосца и торпедирование";"Start z pokładu lotniskowca i atak torpedowy";"Vzlet z letadlové lodi a torpédování";"Uçak Gemisinden Kalkış ve Torpido Saldırısı";"航\t母\t起\t飞\t与\t鱼\t雷\t攻\t击";"空母からの\t離艦と\t雷撃";"Descolagem de Porta-Aviões e Ataque com Torpedos";"Зліт з авіаносця та торпедування";"Poletanje sa nosača aviona i gađanje torpedima";"Felszállás repülőgép-hordozóról és torpedóvetés";"항모 이함 및 어뢰 투하";"Узлёт з авіяносца і тарпедакіданне";"Decolarea de pe portavion și torpilarea";"航\t母\t起\t飛\t與\t魚\t雷\t攻\t擊";"航\t母\t起\t飞\t与\t鱼\t雷\t攻\t击";;
"missions/tutorial01/date";"Summer 1941";"Été 1941";"Estate 1941";"Sommer 1941";"Verano de 1941";"Лето 1941";"Lato 1941";"Léto 1941";"1941 yazı";"1941 年\t夏";"1941年の\t夏";"Verão de 1941";"Літо 1941";"Leto 1941.";"1941 nyara";"1941년 여름";"Лета 1941 г.";"Vara anului 1941";"1941 年\t夏";"1941 年\t夏";;
"missions/tutorial01/objective";"Learn the main flight controls";"Apprendre les commandes principales de vol";"Impara i controlli di volo fondamentali";"In diesem Kurs lernst du die Grundlagen der Steuerung eines Flugzeugs kennen";"Aprende los principales mandos de vuelo";"Узнайте основы управления самолётом";"Opanuj podstawy sterowania";"Nauč se základy pilotáže";"Ana Uçuş Kontrollerinin Öğrenimi";"学\t习\t主\t要\t的\t飞\t行\t操\t控\t方\t法";"主な\t飛行操作を\t習得せよ";"Aprende os Principais Controlos de Voo";"Дізнайтеся основи керування літаком";"Naučite osnovne kontrole letenja";"Ismerd meg a repülőgépek vezérlésének alapjait.";"주요 비행 조종법 학습하기";"Навучыцеся асновам кіравання самалётам";"Învățare comenzi principale de zbor.";"學\t習\t主\t要\t的\t飛\t行\t操\t控\t方\t法";"学\t习\t主\t要\t的\t飞\t行\t操\t控\t方\t法";;
"missions/tutorial01/condition";"Wind SE 15 knots, clouds cumulus 4, visibility unlimited, sea smooth";"Vent du SE à 15 nœuds, nuages cumulus 4, visibilité illimitée, mer calme";"Vento da SE a 15 nodi, cumuli di tipo 4, visibilità illimitata, mare calmo";"Wind aus SO mit 15 Knoten, Kumuluswolken 4, uneingeschränkte Sicht, ruhige See";"Viento SE de 15 nudos, nubes cúmulos 4, visibilidad ilimitada, mar llana";"Ветер ЮВ 15 узлов, облака кучевые 4, видимость неограниченная, море спокойно";"Wiatr: z południowego wschodu, 15 węzłów, zachmurzenie: 4, cumulusy, widoczność nieograniczona, morze spokojne.";"Oblaka kumuly 4, neomezená viditelnost, jihovýchodní vítr o rychlosti 30 km/h, moře klidné";"Rüzgar KD 15 knot, bulutlar kumulus 4, görüş açık, deniz dalgasız";"风\t向\t东\t南，\t风\t速 15 节，\t云\t量 4，\t能\t见\t度\t极\t好，\t海\t面\t平\t静";"風南東\t15\tノット、\t積雲\t4、\t視程無制限、\t海上凪";"Vento a sudeste à 15 nós, nuvens cumulus 4, visibilidade ilimitada, mar suave";"Вітер ПдСх 15 вузлів, хмари купчасті 4, видимість необмежена, море спокійне";"Vetar JZ 15 čvorova, niski oblaci 4, vidljivost čista, mirno more";"Délkeleti szél, szélsebesség 28 km/h, gomolyfelhők 4000 méteren, maximális látótávolság, nyugodt tenger";"남동풍, 풍속 15노트, 적운, 운량 4, 시정 제한없음, 파도 잔잔함";"Вецер ПдУ 15 вузлоў, аблокі кучавыя 4, бачнасць неабмежаваная, мора спакойнае";"Vânt SE, 15 noduri, nori cumulus 4, vizibilitate maximă, apă liniștită.";"東\t南\t風 15 節，\t雲\t量 4 ，\t能\t見\t度\t良\t好，\t海\t面\t平\t靜";"风\t向\t东\t南，\t风\t速 15 节，\t云\t量 4，\t能\t见\t度\t极\t好，\t海\t面\t平\t静";;
"missions/tutorial01/desc";;;;;;;;;;;;;;;;;;;;;;
"missions/tutorial02/date";"Summer 1941";"Été 1941";"Estate 1941";"Sommer 1941";"Verano de 1941";"Лето 1941";"Lato 1941";"Léto 1941";"1941 yazı";"1941 年\t夏";"1941年の\t夏";"Verão de 1941";"Літо 1941";"Leto 1941.";"1941 nyara";"1941년 여름";"Лета 1941 г.";"Vara anului 1941";"1941 年\t夏";"1941 年\t夏";;
"missions/tutorial02/objective";"Learn the main fight controls";"Apprendre les commandes principales de combat";"Impara i controlli di combattimento fondamentali";"In diesem Kurs lernst du die Grundlagen über die Steuerung eines Flugzeuges im Kampf";"Aprende los principales mandos de combate";"Узнайте основы ведения воздушного боя";"Opanuj podstawy sterowania";"Nauč se základy boje";"Ana Uçuş Kontrollerinin Öğrenimi";"学\t习\t主\t要\t的\t战\t斗\t操\t控\t方\t法";"主な\t戦闘操作を\t習得せよ";"Aprende os Principais Controlos de Voo";"Дізнайтеся основи ведення повітряного бою";"Naučite osnovne kontrole letenja";"Ismerd meg a repülőgépek harcbeli vezérlésének alapjait.";"주요 비행 조종법 학습하기";"Навучыцеся асновам вядзення паветранага бою";"Învățare comenzi principale de zbor.";"學\t習\t主\t要\t的\t戰\t鬥\t操\t控\t方\t法";"学\t习\t主\t要\t的\t战\t斗\t操\t控\t方\t法";;
"missions/tutorial02/condition";"Wind SE 15 knots, clouds cumulus 4, visibility unlimited, sea smooth";"Vent du SE à 15 nœuds, nuages cumulus 4, visibilité illimitée, mer calme";"Vento da SE a 15 nodi, cumuli di tipo 4, visibilità illimitata, mare calmo";"Wind aus SO mit 15 Knoten, Kumuluswolken 4, uneingeschränkte Sicht, ruhige See";"Viento SE de 15 nudos, nubes cúmulos 4, visibilidad ilimitada, mar llana";"Ветер ЮВ 15 узлов, облака кучевые 4, видимость неограниченная, море спокойно";"Wiatr: z południowego wschodu, 15 węzłów, zachmurzenie: 4, cumulusy, widoczność nieograniczona, morze spokojne.";"Oblaka kumuly 4, neomezená viditelnost, jihovýchodní vítr o rychlosti 30 km/h, moře klidné";"Rüzgar KD 15 knot, bulutlar kumulus 4, görüş açık, deniz dalgasız";"风\t向\t东\t南，\t风\t速 15 节，\t云\t量 4，\t能\t见\t度\t极\t好，\t海\t面\t平\t静";"風南東\t15\tノット、\t積雲\t4、\t視程無制限、\t海上凪";"Vento a sudeste à 15 nós, nuvens cumulus 4, visibilidade ilimitada, mar suave";"Вітер ПдСх 15 вузлів, хмари купчасті 4, видимість необмежена, море спокійне";"Vetar JZ 15 čvorova, niski oblaci 4, vidljivost čista, mirno more";"Délkeleti szél, szélsebesség 28 km/h, gomolyfelhők 4000 méteren, maximális látótávolság, nyugodt tenger";"남동풍, 풍속 15노트, 적운, 운량 4, 시정 제한없음, 파도 잔잔함";"Вецер ПдУ 15 вузлоў, аблокі кучавыя 4, бачнасць неабмежаваная, мора спакойнае";"Vânt SE, 15 noduri, nori cumulus 4, vizibilitate maximă, apă liniștită.";"東\t南\t風 15 節，\t雲\t量 4 ，\t能\t見\t度\t良\t好，\t海\t面\t平\t靜";"风\t向\t东\t南，\t风\t速 15 节，\t云\t量 4，\t能\t见\t度\t极\t好，\t海\t面\t平\t静";;
"missions/tutorial02/desc";;;;;;;;;;;;;;;;;;;;;;
"missions/tutorial03/date";"Summer 1941";"Été 1941";"Estate 1941";"Sommer 1941";"Verano de 1941";"Лето 1941";"Lato 1941";"Léto 1941";"1941 yazı";"1941 年\t夏";"1941年の\t夏";"Verão de 1941";"Літо 1941";"Leto 1941.";"1941 nyara";"1941년 여름";"Лета 1941 г.";"Vara anului 1941";"1941 年\t夏";"1941 年\t夏";;
"missions/tutorial03/objective";"Learn how to make a dive-bombing maneuver";"Apprendre comment effectuer une manœuvre de bombardement en piqué";"Impara a eseguire manovre di bombardamento in picchiata";"In diesem Kurs erfährst du, wie der Sturzkampf funktioniert und lernst die zugehörigen Manöver kennen";"Aprende a hacer maniobras de bombardeo en picado.";"Узнайте, как совершить пикирование и посадку на авианосец";"Naucz się, jak wykonać manewr bombardowania podczas lotu nurkowego.";"Nauč se provést střemhlavý nálet";"Pike bombardımanı yapmayı öğren";"学\t习\t如\t何\t进\t行\t俯\t冲\t轰\t炸";"急降下爆撃機動を\t習得せよ";"Aprende como fazer uma manobra de bombardeamento em mergulho";"Дізнайтеся, як вчинити пікірування і посадку на авіаносець";"Naučite manevre za bombardovanje iz poniranja";"Ismerd meg a zuhanóbombázó manőver kivitelezésének módját.";"급강하 폭격 방법 학습하기";"Навучыцеся выконваць бомбакіданне ў пікіраванні і пасадку на авіяносец";"Învățare efectuare bombardament în picaj.";"學\t習\t如\t何\t進\t行\t俯\t衝\t轟\t炸";"学\t习\t如\t何\t进\t行\t俯\t冲\t轰\t炸";;
"missions/tutorial03/condition";"Wind SE 15 knots, clouds cumulus 4, visibility unlimited, sea smooth";"Vent du SE à 15 nœuds, nuages cumulus 4, visibilité illimitée, mer calme";"Vento da SE a 15 nodi, cumuli di tipo 4, visibilità illimitata, mare calmo";"Wind aus SO mit Stärke 15 Knoten, Kumuluswolken 4, uneingeschränkte Sicht, ruhige See";"Viento SE de 15 nudos, nubes cúmulos 4, visibilidad ilimitada, mar llana";"Ветер ЮВ 15 узлов, облака кучевые 4, видимость неограниченная, море спокойно";"Wiatr: z południowego wschodu, 15 węzłów, zachmurzenie: 4, cumulusy, widoczność nieograniczona, morze spokojne.";"Oblaka kumuly 4, neomezená viditelnost, jihovýchodní vítr o rychlosti 30 km/h, moře klidné";"Rüzgar KD 15 knot, bulutlar kumulus 4, görüş açık, deniz dalgasız";"风\t向\t东\t南，\t风\t速 15 节，\t云\t量 4，\t能\t见\t度\t极\t好，\t海\t面\t平\t静";"風南東\t15\tノット、\t積雲\t4、\t視程無制限、\t海上凪";"Vento a sudeste à 15 nós, nuvens cumulus 4, visibilidade ilimitada, mar suave";"Вітер ПдСх 15 вузлів, хмари купчасті 4, видимість необмежена, море спокійне";"Vetar JZ 15 čvorova, niski oblaci 4, vidljivost čista, mirno more";"Délkeleti szél, szélsebesség 28 km/h, gomolyfelhők 4000 méteren, maximális látótávolság, nyugodt tenger";"남동풍, 풍속 15노트, 적운, 운량 4, 시정 제한없음, 파도 잔잔함";"Вецер ПдУ 15 вузлоў, аблокі кучавыя 4, бачнасць неабмежаваная, мора спакойнае";"Vânt SE, 15 noduri, nori cumulus 4, vizibilitate maximă, apă liniștită.";"東\t南\t風 15 節，\t雲\t量 4 ，\t能\t見\t度\t良\t好，\t海\t面\t平\t靜";"风\t向\t东\t南，\t风\t速 15 节，\t云\t量 4，\t能\t见\t度\t极\t好，\t海\t面\t平\t静";;
"missions/tutorial03/desc";;;;;;;;;;;;;;;;;;;;;;
"missions/tutorial04/date";"Summer 1941";"Été 1941";"Estate 1941";"Sommer 1941";"Verano de 1941";"Лето 1941";"Lato 1941";"Léto 1941";"1941 yazı";"1941 年\t夏";"1941年の\t夏";"Verão de 1941";"Літо 1941";"Leto 1941.";"1941 nyara";"1941년 여름";"Лета 1941 г.";"Vara anului 1941";"1941 年\t夏";"1941 年\t夏";;
"missions/tutorial04/objective";"Learn how to destroy your waterborne target by torpedo";"Apprendre comment détruire votre cible flottante avec une torpille";"Impara a distruggere i bersagli in acqua usando i siluri";"In diesem Kurs lernst du, wie du ein Seeziel mit einem Torpedo treffen und zerstören kannst";"Aprende a destruir un objetivo en el agua con un torpedo";"Узнайте, как уничтожить наводную цель при помощи торпеды";"Naucz się, jak za pomocą torpedy zniszczyć cel znajdujący się na wodzie.";"Nauč se zničit plavidlo torpédem";"Torpido ile deniz hedeflerinim nasıl yok edileceğinin öğrenin";"学\t习\t如\t何\t使\t用\t航\t空\t鱼\t雷\t摧\t毁\t水\t上\t目\t标";"水上の\t目標を\t魚雷で\t撃破する\t方法を\t習得せよ";"Aprende como destruir o teu alvo fluvial com torpedos";"Дізнайтеся, як знищити наводну ціль за допомогою торпеди";"Naučite kako da uništite mete na vodi torpedom";"Ismerd meg a vízi célpontok torpedóval való megsemmisítésének módját.";"어뢰를 사용한 목표 함선 격침 방법 학습하기";"Навучыцеся знішчыць надводную цэль тарпедамі";"Învățare distrugere ținte cu torpile.";"學\t習\t如\t何\t使\t用\t航\t空\t魚\t雷\t摧\t毀\t水\t上\t目\t標";"学\t习\t如\t何\t使\t用\t航\t空\t鱼\t雷\t摧\t毁\t水\t上\t目\t标";;
"missions/tutorial04/condition";"Wind SE 15 knots, clouds cumulus 4, visibility unlimited, sea smooth";"Vent du SE à 15 nœuds, nuages cumulus 4, visibilité illimitée, mer calme";"Vento da SE a 15 nodi, cumuli di tipo 4, visibilità illimitata, mare calmo";"Wind aus SO mit Stärke 15 Knoten, Kumuluswolken 4, uneingeschränkte Sicht, ruhige See";"Viento SE de 15 nudos, nubes cúmulos 4, visibilidad ilimitada, mar llana";"Ветер ЮВ 15 узлов, облака кучевые 4, видимость неограниченная, море спокойно";"Wiatr: z południowego wschodu, 15 węzłów, zachmurzenie: 4, cumulusy, widoczność nieograniczona, morze spokojne.";"Oblaka kumuly 4, neomezená viditelnost, jihovýchodní vítr o rychlosti 30 km/h, moře klidné";"Rüzgar KD 15 knot, bulutlar kumulus 4, görüş açık, deniz dalgasız";"风\t向\t东\t南，\t风\t速 15 节，\t云\t量 4，\t能\t见\t度\t极\t好，\t海\t面\t平\t静";"風南東\t15\tノット、\t積雲\t4、\t視程無制限、\t海上凪";"Vento a sudeste à 15 nós, nuvens cumulus 4, visibilidade ilimitada, mar suave";"Вітер ПдСх 15 вузлів, хмари купчасті 4, видимість необмежена, море спокійне";"Vetar JZ 15 čvorova, niski oblaci 4, vidljivost čista, mirno more";"Délkeleti szél, szélsebesség 28 km/h, gomolyfelhők 4000 méteren, maximális látótávolság, nyugodt tenger";"남동풍, 풍속 15노트, 적운, 운량 4, 시정 제한없음, 파도 잔잔함";"Вецер ПдУ 15 вузлоў, аблокі кучавыя 4, бачнасць неабмежаваная, мора спакойнае";"Vânt SE, 15 noduri, nori cumulus 4, vizibilitate maximă, apă liniștită.";"東\t南\t風 15 節，\t雲\t量 4 ，\t能\t見\t度\t良\t好，\t海\t面\t平\t靜";"风\t向\t东\t南，\t风\t速 15 节，\t云\t量 4，\t能\t见\t度\t极\t好，\t海\t面\t平\t静";;
"missions/tutorial04/desc";;;;;;;;;;;;;;;;;;;;;;
"missions/tutorialB_fighter/short";"Tutorial: ""Fighter""";"Tutoriel: « Chasseur »";"Lezione: ""Caccia""";"Ausbildungskurs: ""Jäger""";"Tutorial : ""Caza""";"Обучение: ""Истребитель""";"Samouczek: Myśliwiec";"Výcvik ""Stíhač""";"Eğitim: ""Avcı""";"新\t手\t教\t程\t—\t—\t战\t斗\t机";"チュートリアル: 「戦闘機」";"Tutorial: ""Caça""";"Курс навчання: ""Винищувач""";"Tutorijal: ""Lovac""";"Kiképzés: vadászrepülő";"훈련 과정: ""전투기""";"Навучанне: «Знішчальнік»";"Instruire: „Avion de vânătoare”";"新\t手\t教\t程\t—\t—\t戰\t鬥\t機";"新\t手\t教\t程\t—\t—\t战\t斗\t机";;
"missions/tutorialB_fighter";"▍ ""Fighter Control Basics""";"▍ ""Contrôles de base du chasseur""";"▍ ""Controlli Basici del Caccia""";"▍ ""Grundlegende Jagdflugzeugsteuerung""";"▍ ""Controles Básicos de Caza""";"▍ ""Основы управления истребителем""";"▍ Podstawy sterowania myśliwcem";"▍ ""Základy pilotáže stíhačky""";"▍ ""Fighter Control Basics""";"▍ “战\t斗\t机\t基\t础\t操\t控”";"▍ 「戦闘機\tコントロールの\t基本」";"▍ ""Controlos Básicos de Caças""";"▍ ""Основи керування винищувачем""";"▍ ""Fighter Control Basics""";"▍ Vadászrepülő-vezérlés alapjai";"▍ ""전투기 조종 기초""";"▍ ""Асновы кіравання знішчальнікам""";"Instruire de bază: „Avion de vânătoare”";"▍ “戰\t鬥\t機\t基\t础\t操\t控”";"▍\t“战\t斗\t机\t基\t础\t控\t制”";;
"missions/tutorialB_fighter/date";"Summer 1941";"Été 1941";"Estate 1941";"Sommer 1941";"Verano de 1941";"Лето 1941";"Lato 1941";"Léto 1941";"1941 yazı";"1941 年\t夏";"1941年の\t夏";"Verão de 1941";"Літо 1941";"Leto 1941.";"1941 nyara";"1941년 여름";"Лета 1941 г.";"Vara anului 1941";"1941 年\t夏";"1941 年\t夏";;
"missions/tutorialB_fighter/objective";"Learn the main combat controls on fighter";"Apprendre les commandes principales de combat sur un chasseur";"Acquisisci dimestichezza con i principali controlli di combattimento per i caccia";"In diesem Kurs lernst du die grundsätzliche Steuerung eines Jagdflugzeugs im Kampf kennen";"Aprende los principales mandos de combate de un caza";"Изучите основы ведения боя на истребителе";"Opanuj podstawy sterowania bojowego myśliwcem.";"Nauč se základy boje ve stíhači";"Avcı uçağında ana muharebe konrollerini öğren";"学\t习\t战\t斗\t机\t的\t作\t战\t操\t控";"爆撃機の\tメイン\t戦闘\tコントロールを\t学ぶ";"Aprenda os principais controles de combate em um caça";"Вивчіть основи ведення бою на винищувачі";"Naučite osnovne borbene kontrole lovca";"Ismerd meg a vadászrepülők harcbeli vezérlésének alapjait.";"전투기의 주요 전투 조종법 학습하기";"Навучыцеся асновам вядзення бою на знішчальніку";"Învățarea comenzilor principalele din luptă ale unui avion de vânătoare.";"學\t習\t戰\t鬥\t機\t的\t作\t戰\t操\t控";"学\t习\t战\t斗\t机\t的\t作\t战\t操\t控";;
"missions/tutorialB_fighter/desc";;;;;;;;;;;;;;;;;;;;;;
"missions/tutorialB_fighter/condition";"Wind SE 15 knots, clouds cumulus 4, visibility unlimited";"Vent du SE à 15 nœuds, nuages cumulus 4, visibilité illimitée";"Vento SE 15 nodi, nubi cumuliformi 4, visibilità illimitata";"Wind aus SO mit Stärke 15 Knoten, Kumuluswolken 4, uneingeschränkte Sicht";"Viento SE de 15 nudos, nubes cúmulos 4, visibilidad ilimitada";"Ветер ЮВ 15 узлов, облака кучевые 4, видимость неограниченная";"Wiatr: z południowego wschodu, 15 węzłów, zachmurzenie: 4, cumulusy, widoczność nieograniczona";"Oblaka kumuly 4, viditelnost neomezená, Severovýchodní vítr o rychlosti 30 km/h";"Rüzgar KD 15 knot, bulutlar kumulus 4, görüş açık";"风\t向\t东\t南，\t风\t速 15 节，\t云\t量 4，\t能\t见\t度\t极\t好";"風南東 15 ノット、\t積雲\t4、\t視程無制限";"Vento a sudeste à 15 nós, nuvens cumulus 4, visibilidade ilimitada";"Вітер ПдСх 15 вузлів, хмари купчасті 4, видимість необмежена";"Vetar JZ 15 čvorova, niski oblaci 4, vidljivost čista";"Délkeleti szél, szélsebesség 28 km/h, gomolyfelhők 4000 méteren, maximális látótávolság";"남동풍, 풍속 15노트, 적운, 운량 4, 시정 제한없음";"Вецер ПдУ 15 вузлоў, аблокі кучавыя 4, бачнасць неабмежаваная";"Vânt SE, 15 noduri, nori cumulus 4, vizibilitate maximă.";"東\t南\t風 15 節，\t雲\t量 4 ，\t能\t見\t度\t良\t好";"风\t向\t东\t南，\t风\t速 15 节，\t云\t量 4，\t能\t见\t度\t极\t好";;
"missions/tutorialB_assaulter/short";"Tutorial: ""Attacker""";"Tutoriel: « Avion d'assaut »";"Lezione: ""Assaltatore""";"Ausbildungskurs: ""Schlachtflugzeug""";"Tutorial: ""Avión de Ataque""";"Обучение: ""Штурмовик""";"Samouczek: Samolot szturmowy";"Výcvik ""Bitevník""";"Eğitim: ""Taarruz Uçağı""";"新\t手\t教\t程\t—\t—\t攻\t击\t机";"チュートリアル: 「攻撃機」";"Tutorial: ""Avião de assalto""";"Курс навчання: ""Штурмовик""";"Tutorijal: ""Jurišnik""";"Kiképzés: csatarepülő";"훈련 과정: ""공격기""";"Навучанне: «Штурмавік»";"Instruire: „Avion de atac”";"新\t手\t教\t程\t—\t—\t攻\t擊\t機";"新\t手\t教\t程\t—\t—\t攻\t击\t机";;
"missions/tutorialB_assaulter";"▍ ""Attacker""";"▍ ""Avion d'attaque""";"▍ ""Assaltatore""";"▍ ""Schlachtflugzeug""";"▍ ""Avión de ataque""";"▍ ""Штурмовик""";"▍ Samolot szturmowy";"Základní výcvik „Bitevník“";"Temel eğitim kursu: ""Taarruz Uçağı""";"▍ “攻\t击\t机”";"基礎\tチュートリアル\t講座:「航空機襲撃」";"Curso tutorial básico: ""Avião de assalto""";"▍ ""Штурмовик""";"Osnovni tutorijal: ""Jurišnik""";"▍ Csatarepülő";"기본 훈련 과정: ""공격기""";"▍ ""Штурмавік""";"Instruire de bază: „Avion de atac”";"▍ “攻\t擊\t機”";"基\t础\t课\t程：\t“攻\t击\t机”";;
"missions/tutorialB_assaulter/date";"Summer 1941";"Été 1941";"Estate 1941";"Sommer 1941";"Verano de 1941";"Лето 1941";"Lato 1941";"Léto 1941";"1941 yazı";"1941 年\t夏";"1941年の\t夏";"Verão de 1941";"Літо 1941";"Leto 1941.";"1941 nyara";"1941년 여름";"Лета 1941 г.";"Vara anului 1941";"1941 年\t夏";"1941 年\t夏";;
"missions/tutorialB_assaulter/objective";"Learn the main combat controls on attacker";"Apprendre les commandes principales de combat sur un avion d'assaut";"Acquisisci dimestichezza con i principali controlli di combattimento per gli assaltatori";"In diesem Kurs lernst du die grundsätzliche Steuerung eines Schlacht- bzw. Erdkampfflugzeugs im Kampf kennen";"Aprende los principales mandos de combate de un avión de ataque";"Изучите основы ведения боя на штурмовике";"Opanuj podstawy sterowania bojowego samolotem szturmowym.";"Nauč se základy boje v bitevníku";"Taarruz uçağında ana muharebe kontrollerini öğren";"学\t习\t攻\t击\t机\t的\t作\t战\t操\t控";"航空機襲撃における\tメイン\t戦闘\tコントロールを\t学ぶ";"Aprenda os principais controles de combate em um avião de assalto";"Вивчіть основи ведення бою на штурмовику";"Naučite osnovne borbene kontrole na jurišniku";"Ismerd meg a csatarepülők harcbeli vezérlésének alapjait.";"공격기의 주요 전투 조종법 학습하기";"Навучыцеся асновам вядзення бою на штурмавіку";"Învățarea comenzilor principalele din luptă ale unui avion de atac.";"學\t習\t攻\t擊\t機\t的\t作\t戰\t操\t控";"学\t习\t攻\t击\t机\t的\t作\t战\t操\t控";;
"missions/tutorialB_assaulter/desc";;;;;;;;;;;;;;;;;;;;;;
"missions/tutorialB_assaulter/condition";"Wind SE 15 knots, clouds cumulus 4, visibility unlimited";"Vent du SE à 15 nœuds, nuages cumulus 4, visibilité illimitée";"Vento SE 15 nodi, nubi cumuliformi 4, visibilità illimitata";"Wind aus SO mit Stärke 15 Knoten, Kumuluswolken 4, uneingeschränkte Sicht";"Viento SE de 15 nudos, nubes cúmulos 4, visibilidad ilimitada";"Ветер ЮВ 15 узлов, облака кучевые 4, видимость неограниченная";"Wiatr: z południowego wschodu, 15 węzłów, zachmurzenie: 4, cumulusy, widoczność nieograniczona";"Oblaka kumuly 4, viditelnost neomezená, jihovýchodní vítr o rychlosti 30 km/h";"Rüzgar KD 15 knot, bulutlar kumulus 4, görüş açık";"风\t向\t东\t南，\t风\t速 15 节，\t云\t量 4，\t能\t见\t度\t极\t好";"風南東 15 ノット、\t積雲\t4、\t視程無制限";"Vento a sudeste à 15 nós, nuvens cumulus 4, visibilidade ilimitada";"Вітер ПдСх 15 вузлів, хмари купчасті 4, видимість необмежена";"Vetar JZ 15 čvorova, niski oblaci 4, vidljivost čista";"Délkeleti szél, szélsebesség 28 km/h, gomolyfelhők 4000 méteren, maximális látótávolság";"남동풍, 풍속 15노트, 적운, 운량 4, 시정 제한없음";"Вецер ПдУ 15 вузлоў, аблокі кучавыя 4, бачнасць неабмежаваная";"Vânt SE, 15 noduri, nori cumulus 4, vizibilitate maximă.";"東\t南\t風 15 節，\t雲\t量 4 ，\t能\t見\t度\t良\t好";"风\t向\t东\t南，\t风\t速 15 节，\t云\t量 4，\t能\t见\t度\t极\t好";;
"missions/tutorialB_bomber/short";"Tutorial: ""Bomber""";"Tutoriel: « Bombardier »";"Lezione: ""Bombardiere""";"Ausbildungskurs: ""Bomber""";"Tutorial: ""Bombardero""";"Обучение: ""Бомбардировщик""";"Samouczek: Bombowiec";"Výcvik ""Bombardér""";"Eğitim: ""Bombardıman Uçağı""";"新\t手\t教\t程\t—\t—\t轰\t炸\t机";"チュートリアル: 「爆撃機」";"Tutorial: ""Bombardeiro""";"Курс навчання: ""Бомбардувальник""";"Tutorijal: ""Bombarder""";"Kiképzés: bombázó";"훈련 과정: ""폭격기""";"Навучанне: «Бамбардзіроўшчык»";"Instruire: „Bombardier”";"新\t手\t教\t程\t—\t—\t轟\t炸\t機";"新\t手\t教\t程\t—\t—\t轰\t炸\t机";;
"missions/tutorialB_bomber";"▍ ""Bomber""";"▍ ""Bombardier""";"▍ ""Bombardiere""";"▍ ""Bomber""";"▍ ""Bombardero""";"▍ ""Бомбардировщик""";"▍ Bombowiec";"Základní výcvik „Bombardér“";"Temel eğitm kursu: ""Bombardıman Uçağı""";"▍ “轰\t炸\t机”";"基礎\tチュートリアル\t講座:「爆撃機」";"Curso tutorial básico: ""Bombardeiro""";"▍ ""Бомбардувальник""";"Osnovni tutorijal: ""Bombarder""";"▍ Bombázó";"기본 훈련 과정: ""폭격기""";"▍ ""Бамбардзіроўшчык""";"Instruire de bază: „Bombardier”";"▍ “轟\t炸\t機”";"基\t础\t课\t程：\t“轰\t炸\t机”";;
"missions/tutorialB_bomber/date";"Summer 1941";"Été 1941";"Estate 1941";"Sommer 1941";"Verano de 1941";"Лето 1941";"Lato 1941";"Léto 1941";"1941 yazı";"1941 年\t夏";"1941年の\t夏";"Verão de 1941";"Літо 1941";"Leto 1941.";"1941 nyara";"1941년 여름";"Лета 1941 г.";"Vara anului 1941";"1941 年\t夏";"1941 年\t夏";;
"missions/tutorialB_bomber/objective";"Learn the main combat controls on bomber";"Apprendre les commandes principales de combat sur un bombardier";"Acquisisci dimestichezza con i principali controlli di combattimento per i bombardieri";"In diesem Kurs lernst du die grundsätzliche Steuerung eines Bombers im Kampf kennen";"Aprende los principales mandos de combate de un bombardero";"Изучите основы ведения боя на бомбардировщике";"Opanuj podstawy sterowania bojowego bombowcem.";"Nauč se základy boje v bombardéru";"Bombardıman uçağında ana muharebe kontrollerinin öğrenimi";"学\t习\t轰\t炸\t机\t的\t作\t战\t操\t控";"爆撃機の\tメイン\t戦闘\tコントロールを\t学ぶ";"Aprende os principais controlos de combate de um bombardeiro";"Вивчіть основи ведення бою на бомбардувальнику";"Naučite osnovne borbene kontrole na bombarderu";"Ismerd meg a bombázók harcbeli vezérlésének alapjait.";"폭격기의 주요 전투 조종법 학습하기";"Навучыцеся асновам вядзення бою на бамбардзіроўшчыку";"Învățarea comenzilor principalele din luptă ale unui bombardier.";"學\t習\t轟\t炸\t機\t的\t作\t戰\t操\t控";"学\t习\t轰\t炸\t机\t的\t作\t战\t操\t控";;
"missions/tutorialB_bomber/desc";;;;;;;;;;;;;;;;;;;;;;
"missions/tutorialB_bomber/condition";"Wind SE 15 knots, clouds cumulus 4, visibility unlimited";"Vent du SE à 15 nœuds, nuages cumulus 4, visibilité illimitée";"Vento SE 15 nodi, nubi cumuliformi 4, visibilità illimitata";"Wind aus SO mit Stärke 15 Knoten, Kumuluswolken 4, uneingeschränkte Sicht";"Viento SE de 15 nudos, nubes cúmulos 4, visibilidad ilimitada";"Ветер ЮВ 15 узлов, облака кучевые 4, видимость неограниченная";"Wiatr: z południowego wschodu, 15 węzłów, zachmurzenie: 4, cumulusy, widoczność nieograniczona";"Oblaka kumuly 4, viditelnost neomezená, jihovýchodní vítr o rychlosti 30 km/h";"Rüzgar KD 15 knot, bulutlar kumulus 4, görüş açık";"风\t向\t东\t南，\t风\t速 15 节，\t云\t量 4，\t能\t见\t度\t极\t好";"風南東 15 ノット、\t積雲\t4、\t視程無制限";"Vento a sudeste à 15 nós, nuvens cumulus 4, visibilidade ilimitada";"Вітер ПдСх 15 вузлів, хмари купчасті 4, видимість необмежена";"Vetar JZ 15 čvorova, niski oblaci 4, vidljivost čista";"Délkeleti szél, szélsebesség 28 km/h, gomolyfelhők 4000 méteren, maximális látótávolság";"남동풍, 풍속 15노트, 적운, 운량 4, 시정 제한없음";"Вецер ПдУ 15 вузлоў, аблокі кучавыя 4, бачнасць неабмежаваная";"Vânt SE, 15 noduri, nori cumulus 4, vizibilitate maximă.";"東\t南\t風 15 節，\t雲\t量 4 ，\t能\t見\t度\t良\t好";"风\t向\t东\t南，\t风\t速 15 节，\t云\t量 4，\t能\t见\t度\t极\t好";;
"missions/tutorialB_takeoff_and_landing/short";"Tutorial: ""Takeoff and Landing""";"Tutoriel: « Décollage et Atterrissage »";"Lezione: ""Decollo e Atterraggio""";"Ausbildungskurs: ""Starten und Landen""";"Tutorial: ""despegue y aterrizaje""";"Обучение: ""Взлёт и посадка""";"Samouczek: Start i lądowanie";"Výcvik ""Start a přistání""";"Eğitim: ""Kalkış ve İniş""";"新\t手\t教\t程\t—\t—\t起\t飞\t与\t降\t落";"チュートリアル: 「離陸と\t着陸」";"Tutorial: ""decolagem/descolagem e aterragem/aterrissagem""";"Курс навчання: ""Зліт і посадка""";"Tutorijal: ""Poletanje i sletanje""";"Kiképzés: fel- és leszállás";"훈련 과정: ""이륙과 착륙""";"Навучанне: «Узлёт і пасадка»";"Instruire: „Decolare și aterizare”";"新\t手\t教\t程\t—\t—\t起\t飛\t與\t降\t落";"新\t手\t教\t程\t—\t—\t起\t飞\t与\t降\t落";;
"missions/tutorialB_takeoff_and_landing";"▍ ""Takeoff and Landing""";"▍ ""Décollage et atterrissage""";"▍""Decollo e atterraggio""";"▍ ""Starten und Landen""";"▍ ""Despegue y Aterrizaje""";"▍ ""Взлёт и посадка""";"▍ Start i lądowanie";"Základní výcvik ""Vzlet a přistání""";"Temel eğitim kursu: ""Kalkış ve İniş""";"▍ “起\t飞\t和\t着\t陆”";"基礎\tチュートリアル\t講座: 「離陸と\t着陸」";"Curso tutorial básico: ""Descolagem e Aterragem""";"▍ ""Зліт і посадка""";"Osnovni tutorijal: ""Poletanje i sletanje""";"▍ Fel- és leszállás";"기본 훈련 과정: ""이륙과 착륙""";"▍ ""Узлёт і пасадка""";"Instruire de bază: „Decolare și aterizare”";"▍ “起\t飛\t和\t著\t陸”";"基\t本\t课\t程：\t“起\t飞\t和\t着\t陆”";;
"missions/tutorialB_takeoff_and_landing/date";"Summer 1941";"Été 1941";"Estate 1941";"Sommer 1941";"Verano de 1941";"Лето 1941";"Lato 1941";"Léto 1941";"1941 yazı";"1941 年\t夏";"1941年の\t夏";"Verão de 1941";"Літо 1941";"Leto 1941.";"1941 nyara";"1941년 여름";"Лета 1941 г.";"Vara anului 1941";"1941 年\t夏";"1941 年\t夏";;
"missions/tutorialB_takeoff_and_landing/objective";"Learn how to take off and land a plane";"Apprendre à décoller et à atterrir avec un avion";"Imparare a decollare e atterrare un aereo";"In diesem Kurs lernst du das Starten und Landen von Flugzeugen";"Aprende a despegar y aterrizar un avión";"Пройдите краткий курс взлёта и посадки";"Dowiedz się jak wystartować i wylądować samolotem";"Nauč se, jak s letadlem vzlétnout a přistát";"Bir uçağı nasıl kaldırıp indireceğini öğren";"学\t习\t如\t何\t起\t飞\t降\t落";"離着陸について\t学びます";"Aprende como descolar e aterrar um avião";"Пройдіть короткий курс зльоту і посадки";"Naučite kako da poletite i sletite";"Ismerd meg a felszállás és a landolás folyamatát.";"항공기 이착륙 방법 학습하기";"Навучыцеся ўзлятаць на самалёце і прызямляцца";"Învățare decolare și aterizare cu un avion.";"學\t習\t如\t何\t起\t飛\t降\t落";"学\t习\t如\t何\t起\t飞\t降\t落";;
"missions/tutorialB_takeoff_and_landing/desc";;;;;;;;;;;;;;;;;;;;;;
"missions/tutorialB_takeoff_and_landing/condition";"Wind SE 15 knots, clouds cumulus 4, visibility unlimited";"Vent SE de 15 nœuds, nuages cumulus 4, visibilité illimitée";"Vento SE 15 nodi, cumulus nuvole 4, visibilità illimitata";"Wind aus SO mit Stärke 15, Kumuluswolken 4, uneingeschränkte Sicht";"Viento SE de 15 nudos, nubes cúmulos 4, visibilidad ilimitada";"Ветер ЮВ 15 узлов, облака кучевые 4, видимость неограниченная";"Wiatr o sile 15 węzłów z Południowego-Wschodu, chmury kumulusy 4, widoczności nieograniczona";"Oblaka kumuly 4, viditelnost neomezená, jihovýchodní vítr o rychlosti 30 km/h";"Rüzgar KD 15 knot, bulutlar kumulus 4, görüş açık";"风\t向\t东\t南，\t风\t速 15 节，\t云\t量 4，\t能\t见\t度\t极\t好";"風南東 15 ノット、\t積雲\t4、\t視程無制限";"Vento a sudeste à 15 nós, nuvens cumulus 4, visibilidade ilimitada";"Вітер ПдСх 15 вузлів, хмари купчасті 4, видимість необмежена";"Vetar JZ 15 čvorova, niski oblaci 4, vidljivost čista";"Délkeleti szél, szélsebesség 28 km/h, gomolyfelhők 4000 méteren, maximális látótávolság";"남동풍, 풍속 15노트, 적운, 운량 4, 시정 제한없음";"Вецер ПдУ 15 вузлоў, аблокі кучавыя 4, бачнасць неабмежаваная";"Vânt SE, 15 noduri, nori cumulus 4, vizibilitate maximă.";"東\t南\t風 15 節，\t雲\t量 4 ，\t能\t見\t度\t良\t好";"风\t向\t东\t南，\t风\t速 15 节，\t云\t量\t4，\t能\t见\t度\t极\t好";;
"missions/tutorial_tank_basics_arcade/short";"Tutorial: ""Tank, Part 1""";"Tutoriel: ""Char, Partie 1""";"Lezione: ""Carro Armato, Parte 1""";"Ausbildungskurs: ""Panzer-Grundlagenkurs""";"Tutorial: ""carro de combate""";"Обучение: ""Танк, часть 1""";"Samouczek: Czołg – część 1";"Výcvik ""Tank, část 1""";"Öğretici: ""Tank, Bölüm 1""";"新\t手\t教\t程\t—\t—\t坦\t克\t（第\t一\t部\t分）";"チュートリアル: 「戦車」";"Tutorial: ""Tanque""";"Навчання: ""Танк, частина 1""";"Tutorijal: ¨Tenk, 2. deo¨";"Kiképzés: harckocsi, 1. rész";"훈련 과정: ""전차 제1부""";"Навучанне: «Танк, частка 1»";"Instruire: „Tanc, Partea 1”";"新\t手\t教\t程\t—\t—\t坦\t克\t（第\t一\t部\t分）";"新\t手\t教\t程\t—\t—\t坦\t克\t（第\t一\t部\t分）";;
"missions/tutorial_tank_basics_arcade";"▔ ""Tank Control Basics""";"▔ ""Contrôles de base des chars""";"▔ ""Controlli Base Carro Armato""";"▔ ""Steuerung eines Panzers""";"▔ ""Controles Básicos de Carros de Combate""";"▔ ""Основы управления танком""";"▔ Podstawy sterowania czołgiem";"Základní výcvik ""Ovládání tanku""";"Temel eğitim kursu: ""Tank İdaresinin Temelleri""";"▔ “坦\t克\t基\t础\t操\t控”";"基礎\tチュートリアル\t講座: 「戦車」";"Curso tutorial básico. ''Tanque''";"▔ ""Основи керування танком""";"Osnovni tutorijal: ""Tenk""";"▔ Harckocsivezérlés alapjai";"▔ ""전차 조종 기초""";"▔ ""Асновы кіравання танкам""";"Instruire de bază: „Comenzi de bază tanc”";"▔ “坦\t克\t基\t礎\t操\t控”";"基\t础\t课\t程：\t“坦\t克\t基\t础\t操\t控”";;
"missions/tutorial_tank_basics_arcade/date";"Summer 1941";"Été 1941";"Summer 1941";"Sommer 1941";"Verano de 1941";"Лето 1941";"Lato 1941";"Léto 1941";"1941 yazı";"1941 年\t夏";"1941年の\t夏";"Verão de 1941";"Літо 1941";"Leto 1941.";"1941 nyara";"1941년 여름";"Лета 1941 г.";"Vara anului 1941";"1941 年\t夏";"1941 年\t夏";;
"missions/tutorial_tank_basics_arcade/objective";"Short tutorial course of basic tank controls";"Court tutoriel pour apprendre les contrôles de base du char";"Breve corso sui comandi base del carro armato";"Dieser Kurs vermittelt die Grundlagen der Steuerungen eines Panzerkampfwagens.";"Breve tutorial para enseñar los controles básicos del carro de combate";"Краткий курс обучения основным элементам управления танком.";"Krótki samouczek tłumaczący podstawy kierowania czołgiem";"Krátký výcvikový kurs základního ovládání tanku";"Temel tank konrolleri hakkında kısa eğitim kursu";"学\t习\t如\t何\t操\t控\t坦\t克\t行\t驶";"基本的な\t戦車の\t操作方法の\tショートチュートリアル\t講座";"Minicurso tutorial ensinando os controles básicos do tanque";"Короткий курс навчання основним елементам керування танком.";"Kratki tutorijal za upoznavanje sa osnovnim kontrolama tenka";"Ismerd meg a harckocsik vezérlésének alapjait.";"전차 조종을 위한 단기 기본 훈련 과정";"Кароткі курс навучання асновам кіравання танкам";"Instruire scurtă pentru învățarea comenzilor de bază ale unui tanc.";"學\t習\t如\t何\t操\t控\t坦\t克\t行\t駛";"学\t习\t坦\t克\t的\t基\t础\t操\t控";;
"missions/tutorial_tank_basics_arcade/condition";"Wind SE 15 knots, clouds cumulus 4, visibility unlimited";"Vent du SE à 15 nœuds, nuages cumulus 4, visibilité illimitée";"Wind SE 15 knots, clouds cumulus 4, visibility unlimited";"Wind aus SO mit Stärke 15, Kumuluswolken 4, Sicht unbegrenzt";"Viento SE de 15 nudos, nubes cúmulos 4, visibilidad ilimitada";"Ветер ЮВ 15 узлов, облака кучевые 4, видимость неограниченная";"Wiatr: z południowego wschodu, 15 węzłów, zachmurzenie: 4, cumulusy, widoczność nieograniczona";"Oblaka kumuly 4, viditelnost neomezená, jihovýchodní vítr o rychlosti 30 km/h";"Rüzgar KD 15 knot, bulutlar kumulus 4, gÖrüş açık";"风\t向\t东\t南，\t风\t速 15 节，\t云\t量 4，\t能\t见\t度\t极\t好";"風南東 15 ノット、\t積雲\t4、\t視程無制限";"Vento a sudeste de 15 nós, nuvens cumulus 4, visibilidade ilimitada";"Вітер ПдСх 15 вузлів, хмари купчасті 4, видимість необмежена";"Vetar JI 15 čvorova, oblaci kumulusni 4, vidljivost neograničena";"Délkeleti szél, szélsebesség 28 km/h, gomolyfelhők 4000 méteren, maximális látótávolság";"남동풍, 풍속 15노트, 적운, 운량 4, 시정 제한없음";"Вецер ПдУ 15 вузлоў, аблокі кучавыя 4, бачнасць неабмежаваная";"Vânt SE, 15 noduri, nori cumulus 4, vizibilitate maximă.";"東\t南\t風 15 節，\t雲\t量 4 ，\t能\t見\t度\t良\t好";"东\t南\t风 15 节，\t云\t量 4，\t能\t见\t度\t极\t佳";;
"missions/tutorial_tank_basics_arcade_part2/short";"Tutorial: ""Tank, Part 2""";"Tutoriel: ""Char, partie 2""";"Lezione: ""Carro Armato, Parte 2""";"Ausbildungskurs: ""Panzer-Schützenkurs""";"Tutorial: ""Tanque, Parte 2""";"Обучение: ""Танк, часть 2""";"Samouczek: Czołg – część 2";"Výcvik ""Tank, část 2""";"Öğretici: ""Tank, Bölüm 2""";"新\t手\t教\t程\t—\t—\t坦\t克\t（第\t二\t部\t分）";"チュートリアル: ""戦車、\tパート\t2""";"Tutorial: ""Tanque, Parte 2""";"Навчання: ""Танк, частина 2""";"Tutorijal: ¨Tenk, 2. deo¨";"Kiképzés: harckocsi, 2. rész";"훈련 과정: ""전차 제2부""";"Навучанне: «Танк, частка 2»";"Instruire: „Tanc, Partea 2”";"新\t手\t教\t程\t—\t—\t坦\t克\t（第\t二\t部\t分）";"新\t手\t教\t程\t—\t—\t坦\t克\t（第\t二\t部\t分）";;
"missions/tutorial_tank_basics_arcade_part2";"▔ ""Tank Gunnery""";"▔ ""Artilleur tankiste""";"▔ ""Cannoniere del Carro Armato""";"▔ ""Bedienung des Hauptgeschützes""";"▔ ""Armamento de Carros de Combate""";"▔ ""Стрельба из танка""";"▔ Szkolenie ogniowe";"Základní výcvik ""Střelba z tanku""";"Temel eğitim kursu: ""Tank Silahtarlığı""";"▔ “坦\t克\t主\t炮\t操\t控”";"基礎\tチュートリアル\t講座: 「戦車砲撃」";"Curso tutorial básico: ""Artilharia do Tanque""";"▔ ""Стрільба з танка""";"Osnovni tutorijal: ¨Top¨";"▔ Harckocsi-lőgyakorlat";"▔ ""전차 사격술""";"▔ ""Стральба з танка""";"Instruire de bază: „Armament tanc”";"▔ “坦\t克\t主\t炮\t操\t控”";"基\t础\t课\t程：\t“坦\t克\t主\t炮\t操\t控”";;
"missions/tutorial_tank_basics_arcade_part2/date";"Summer 1944";"Été 1944";"Estate 1944";"Sommer 1944";"Verano de 1944";"Лето 1944";"Lato 1944";"Léto 1944";"Yaz 1944";"1944 年\t夏";"1941年の\t夏";"Verão de 1941";"Літо 1944";"Leto 1944";"1944 nyara";"1944년 여름";"Лета 1944 г.";"Vara anului 1944";"1944 年\t夏";"1944 年\t夏";;
"missions/tutorial_tank_basics_arcade_part2/objective";"Short tutorial course of shooting at armored and deep targets";"Court tutoriel pour le tir sur cibles blindées et éloignées";"Breve corso di fuoco da grandi distanze su bersagli corazzati";"Dieser Kurs behandelt die Bekämpfung gepanzerter und entfernter Ziele";"Curso de tutorial corto de tiro a blancos blindados";"Краткий курс обучения стрельбе по бронированным и дальним целям.";"Krótki kurs prowadzenia ognia do celów opancerzonych i odległych";"Krátký výcvikový kurs střelby na obrněné a vzdálené cíle";"Zırhlı ve derin hedeflerin vurulması hakkında kısa eğitim kursunu";"学\t习\t如\t何\t使\t用\t坦\t克\t主\t炮\t攻\t击\t装\t甲\t单\t位\t和\t远\t距\t目\t标";"装甲車両と\t遠い\tターゲットに\t対する\t攻撃の\tショートチュートリアル\t講座";"Minicurso Tutorial de disparar contra alvos blindados e profundos";"Короткий курс навчання стрільбі по броньованих і далеких цілях";"Kratak tutorijal o pucanju na oklopne i daleke mete tenkovskim topom";"Ismerd meg a páncélozott és a távoli célpontokra való tüzelés alapjait.";"기갑 목표 및 원거리에 위치한 목표를 상대하기 위한 사격술 관련 단기 교육 과정";"Кароткі курс навучання стральбе па браніраваным і далёкім цэлям";"Instruire scurtă de tragere în ținte blindate și îndepărtate.";"學\t習\t如\t何\t使\t用\t坦\t克\t主\t炮\t攻\t擊\t裝\t甲\t單\t位\t和\t遠\t距\t目\t標";"学\t习\t如\t何\t使\t用\t坦\t克\t主\t炮\t攻\t击\t装\t甲\t单\t位\t和\t远\t距\t目\t标";;
"missions/tutorial_tank_basics_arcade_part2/condition";"Wind SE 15 knots, clouds cumulus 4, visibility unlimited";"Vent du SE à 15 nœuds, nuages cumulus 4, visibilité illimitée";"Vento SE 15 nodi, cumuli di nuvole 4, visibilità illimitata";"Wind aus SO mit Stärke 15 Knoten, Kumuluswolken 4, uneingeschränkte Sicht";"Viento SE de 15 nudos, nubes cúmulos 4, visibilidad ilimitada";"Ветер ЮВ 15 узлов, облака кучевые 4, видимость неограниченная";"Wiatr: z południowego wschodu, 15 węzłów, zachmurzenie: 4, cumulusy, widoczność nieograniczona";"Oblaka kumuly 4, viditelnost neomezená, jihovýchodní vítr o rychlosti 30 km/h";"Rüzgar GD 15 nat, bulutlar kümülüs 4, görüş açık";"风\t向\t东\t南，\t风\t速 15 节，\t云\t量 4，\t能\t见\t度\t极\t好";"風南東 15 ノット、\t積雲\t4、\t視程無制限";"Vento a Sudeste de 15 nós, nuvens cumulus 4, visibilidade ilimitada";"Вітер ПдСх 15 вузлів, хмари купчасті 4, видимість необмежена";"Vetar JI 15 čvorova, oblaci kumulusni 4, vidljivost neograničena";"Délkeleti szél, szélsebesség 28 km/h, gomolyfelhők 4000 méteren, maximális látótávolság";"남동풍, 풍속 15노트, 적운, 운량 4, 시정 제한없음";"Вецер ПдУ 15 вузлоў, аблокі кучавыя 4, бачнасць неабмежаваная";"Vânt SE, 15 noduri, nori cumulus 4, vizibilitate maximă.";"東\t南\t風 15 節，\t雲\t量 4 ，\t能\t見\t度\t良\t好";"风\t向\t东\t南，\t风\t速 15 节，\t云\t量\t4，\t能\t见\t度\t极\t好";;
"missions/tutorial_boat_basic_arcade/short";"Tutorial: ""Motor Boat""";"Tutoriel:""Bateau à moteur""";"Tutorial: ""Vascello""";"Tutorial: ""Motorboot""";"Tutorial: ""Lancha""";"Обучение: ""Катер""";"Samouczek: Kuter torpedowy";"Tutoriál: ""Motorový člun""";"Eğitim: ""Motor Botu""";"新\t手\t教\t程\t—\t—\t小\t型\t舰\t艇";"チュートリアル：\t「モーターボート」";"Tutorial de ""Motor Boat""";"Курс навчання: ""Моторний човен""";"Tutorial: ""Motor Boat""";"Kiképzés: motoros naszád";"튜토리얼: ""모터 보트""";"Навучанне: ""Катэр""";"Instruire: „Bărci”";"新\t手\t教\t程\t—\t—\t小\t型\t艦\t艇";"新\t手\t教\t程\t—\t—\t小\t型\t舰\t艇";;
"missions/tutorial_boat_basic_arcade";"⋛ ""Motor Boat Control Basics""";"⋛ ""Bases de pilotage des torpilleurs""";"⋛ ""Controlli Base dei Vascelli""";"┚ ""Steuerung eines Schnellboots""";"⋛ ""Controles Básicos de Lancha""";"⋛ ""Основы управления катером""";"Samouczek: Podstawy sterowania kutrem torpedowym";"⋛ ""Základy ovládání motorového člunu""";"┚ ""Motor Botu Kontrol Temeli""";"⋛ “小\t型\t舰\t艇\t基\t础\t操\t控”";"「モーターボートの\tコントロールの\t基本」";"⋛ ""Controlos Básicos das Lanchas Rápidas""";"⋛ ""Основи керування моторним човном""";"⋛ ""Motor Boat Control Basics""";"⋛ Naszádvezérlés alapjai";"┚ ""고속정 조종 기초""";"⋛ ""Асновы кіравання катэрам""";"Instruire de bază: „Controlare bărci torpiloare”";"⋛ “小\t型\t艦\t艇\t基\t礎\t操\t控”";"┚ “小\t型\t舰\t艇\t基\t础\t操\t控”";;
"missions/tutorial_boat_basic_arcade/date";"Summer 1941";"Été 1941";"Estate 1941";"Sommer 1941";"Verano de 1941";"Лето 1941";"Lato 1941 roku";"Léto 1941";"Yaz 1941";"1941 年\t夏";"1941年の\t夏";"Verão de 1941";"Літо 1941";"Leto 1941.";"1941 nyara";"1941년 여름";"Лета 1941 г.";"Vara anului 1941";"1941 年\t夏";"1941 年\t夏";;
"missions/tutorial_boat_basic_arcade/objective";"Short tutorial course of basic torpedo motor boat controls";"Mini-tutoriel d'enseignement des contrôles de base des torpilleurs";"Breve tutorial sui controlli delle motosiluranti";"Dieser Kurs vermittelt die Grundlagen der Steuerungen eines Torpedoboots";"Curso tutorial corto de controles básicos de lancha torpedera";"Краткий курс обучения основным элементам управления торпедным катером.";"Krótki kurs podstaw sterowania kutrem torpedowym";"Krátký tutoriál se základním ovládáním motorových člunů";"Temel torpido motor botu kontrolleri hakkında kısa eğitim kursu";"学\t习\t如\t何\t操\t控\t小\t型\t舰\t艇";"基本の\t魚雷\tモーターボートの\tコントロールの\t短い\tチュートリアル\t講座";"Tutorial rápido sobre os controles básicos de um torpedeiro";"Короткий курс навчання основним елементам керування човна";"Short tutorial course of basic torpedo motor boat controls";"Ismerd meg a motoros torpedónaszádok vezérlésének alapjait.";"어뢰정 조종을 위한 단기 기본 훈련 과정";"Кароткі курс навучання асноўным элементам кіравання тарпедным катэрам.";"Instruire scurtă pentru învățarea comenzilor de bază pentru controlarea bărcilor torpiloare";"學\t習\t如\t何\t操\t控\t小\t型\t艦\t艇";"鱼\t雷\t艇\t基\t本\t控\t制\t简\t短\t教\t学";;
"missions/tutorial_boat_basic_arcade/condition";"Wind N 5 knots, clouds cirrus, cumulus, alto-cumulus, visibility unlimited";"Vent du Nord 5 noeuds, nuages: cirrus, cumulus, altocumulus, visibilité non limitée";"Vento Nord, 5 nodi, cirri di nuvole, cumuli, cumuli alti, visibilità illimitata";"Wind N 5 Knoten, Wolken Zirrus, Cumulus, Altocumulus, unbegrenzte Sicht";"Viento Norte 5 nudos, nubes cirrus, cumulus, alto-cumulus, visibilidad ilimitada";"Ветер С 5 узлов, облака перистые, кучевые, высококучевые, видимость неограниченная";"Wiatr północny, 5 węzłów, chmury pierzaste, kłębiaste, średnie kłębiaste, widzialność nieograniczona";"Vítr S 5 uzlů, oblačnost - cirry, cumuly, alto-cumuly, viditelnost neomezená";"Rüzgar: K 5 knot, bulutlar: saçakbulut, alto-kümülüs, görüş mesafesi: açık";"北\t风，\t风\t速 5 节，\t卷\t云、\t积\t云\t和\t高\t积\t云，\t能\t见\t度\t极\t好";"北の\t風\t5\tノット、\t巻雲、\t積雲、\t高積雲、\t視界無制限";"Vento de N 5 knots, nuvens cirro, cúmulo, alto cúmulo, visibilidade ilimitada";"Вітер Пн 5 вузлів, хмари перисті, купчасті, висококупчасті, видимість необмежена";"Wind N 5 knots, clouds cirrus, cumulus, alto-cumulus, visibility unlimited";"Északi szél, szélsebesség 9 km/h, pehelyfelhők és gomolyfelhők, maximális látótávolság";"북풍 5노트, 구름 권운, 적운, 고적운, 시정거리 제한없음";"Вецер Пн 5 вузлоў, аблокі пёрыстыя, кучавыя, высокакучавыя, бачнасць неабмежаваная";"Vânt N, 5 noduri, nori cirrus, cumulus, alto-cumulus, vizibilitate maximă.";"北\t風 5 節，\t卷\t雲、\t積\t雲\t和\t高\t積\t雲，\t能\t見\t度\t極\t好";"北\t风，\t风\t速 5 节，\t卷\t云、\t积\t云\t和\t高\t积\t云，\t能\t见\t度\t极\t好";;
"missions/tutorial_intro_fighter/short";"Introduction: Fighter";"Introduction: Chasseur";"Introduzione: Caccia";"Einleitung: Jäger";"Introducción: Caza";"Вступление: Истребитель";"Wprowadzenie: Myśliwiec";"Úvod: Stíhačka";"Introduction: Fighter";"入\t门\t介\t绍\t—\t—\t战\t斗\t机";"入門：\t戦闘機";"Introdução: Caça";"Вступ: Винищувач";"Introduction: Fighter";"Bevezetés: vadászrepülő";"기초 과정: 전투기";"Уступленне: Знішчальнік";"Introduction: Fighter";"入\t門\t介\t紹\t—\t—\t戰\t鬥\t機";"入\t门\t介\t绍\t—\t—\t战\t斗\t机";;
"missions/tutorial_intro_fighter";"▍ Introduction: Fighter";"▍ Introduction: Chasseur";"▍ Introduzione: Caccia";"▍ Einleitung: Jäger";"▍ Introducción: Caza";"▍ Вступление: Истребитель";"▍ Wprowadzenie: Myśliwiec";"▍ Úvod: Stíhačka";"▍ Introduction: Fighter";"▍ 入\t门\t介\t绍\t—\t—\t战\t斗\t机";"▍ 入門：\t戦闘機";"▍ Introdução: Caça";"▍ Вступ: Винищувач";"▍ Introduction: Fighter";"▍ Bevezetés: vadászrepülő";"▍ 기초 과정: 전투기";"▍ Уступленне: Знішчальнік";"▍ Introduction: Fighter";"▍ 入\t門\t介\t紹\t—\t—\t戰\t鬥\t機";"▍ 入\t门\t介\t绍\t—\t—\t战\t斗\t机";;
"missions/tutorial_intro_fighter/date";"Summer 1944";"Été 1944";"Estate 1944";"Sommer 1944";"Verano de 1944";"Лето 1944";"Lato 1944 roku";"Léto 1944";"Summer 1944";"1944 年\t夏";"1944年の\t夏";"Verão de 1944";"Літо 1944";"Leto 1944";"1944 nyara";"1944년 여름";"Лета 1944 г.";"Summer 1944";"1944 年\t夏";"1944 年\t夏";;
"missions/tutorial_intro_fighter/objective";"Introductory mission for aircraft";"Mission d'introduction aux avions";"Missione introduttiva per aerei";"Einführungsmission für Flugzeuge";"Misión introductoria para aeronaves";"Вступительная миссия для самолётов";"Misja zapoznawcza – samolot";"Úvodní mise pro letadla";"Introductory mission for aircraft";"了\t解\t与\t空\t中\t单\t位\t有\t关\t的\t知\t识";"航空機の\t入門\tミッション";"Missão introdutória para aeronaves";"Вступна місія для літаків";"Introductory mission for aircraft";"Bevezető küldetés repülőgépekhez.";"항공기 기초 과정";"Уступная місія для самалётаў";"Introductory mission for aircraft";"了\t解\t與\t空\t中\t單\t位\t有\t關\t的\t知\t識";"了\t解\t与\t空\t中\t单\t位\t有\t关\t的\t知\t识";;
"missions/tutorial_intro_fighter/condition";"Wind NE 9 knots, clouds cirrus, visibility unlimited";"Vent du NE à 9 nœuds, nuages cirrus, visibilité illimitée";"Vento NE 9 nodi, cumuli di nuvole , visibilità illimitata";"Wind NE 9 Knoten, Wolken Cirrus, Sichtweite unbegrenzt";"Viento NE de 9 nudos, nubes cirrus, visibilidad ilimitada";"Ветер СВ 9 узлов, облака перистые, видимость неограниченная";"Wiatr 9 węzłów z północnego zachodu, chmury pierzaste, widzialność nieograniczona";"Oblaka kumuly, viditelnost neomezená, jihovýchodní vítr o rychlosti 17 km/h";"Wind NE 9 knots, clouds cirrus, visibility unlimited";"东\t北\t风，\t风\t速 9 节，\t卷\t云，\t能\t见\t度\t极\t好";"北東の\t風\t9\tノット、\t巻雲、\t視界無制限";"Vento de NE 9 nós, cirros, visibilidade ilimitadas";"Вітер Пн. Сх. 9 вузлів, хмари перисті, видимість необмежена";"Wind NE 9 knots, clouds cirrus, visibility unlimited";"Északkeleti szél, szélsebesség 16 km/h, pehelyfelhők, maximális látótávolság";"북동풍, 풍속 9노트, 적운, 권운 , 시정 제한없음";"Вецер Пн-Ус 9 вузлоў, аблокі пёрыстыя, бачнасць неабмежаваная";"Wind NE 9 knots, clouds cirrus, visibility unlimited";"東\t北\t風，\t風\t速 9 節，\t卷\t雲，\t能\t見\t度\t極\t好";"东\t北\t风，\t风\t速 9 节，\t卷\t云，\t能\t见\t度\t极\t好";;
"missions/tutorial_tank_action_arcade/short";"Introduction: European Village";"Introduction : village européen ";"Introduzione: Villaggio Europeo";"Introduction: European Village";"Introducción: Pueblo Europeo";"Вступление: Европейская деревня";"Wprowadzenie: europejska wioska";"Úvod: Evropská vesnice";"Introduction: European Village";"入\t门\t教\t学：\t欧\t洲\t村\t庄";"入門：\tヨーロッパの\t村";"Introdução: Aldeia Europeia";"Вступ: Європейське село";"Introduction: European Village";"Introduction: European Village";"기초 과정 : 유럽의 마을";"Уступленне: Еўрапейская вёска";"Introduction: European Village";"入\t門\t教\t學：\t歐\t洲\t村\t莊";"Introduction: European Village";;
"missions/tutorial_tank_action_arcade";"▔ Liberation of European Village";"▔ Liberation du village européen";"▔ Liberazione del Villaggio Europeo";"▔ Liberation of European Village";"▔ Liberación del Pueblo Europeo";"▔ Освобождение европейской деревни";"▔ Wyzwolenie europejskiej wioski";"▔ Osvobození vesnice v Evropě";"▔ Liberation of European Village";"▔ 解\t放\t欧\t洲\t村\t庄";"▔ ヨーロッパの\t村の\t解放";"▔ Libertação da Aldeia Europeia";"▔ Визволення Європейського села";"▔ Liberation of European Village";"▔ Liberation of European Village";"▔ 유럽의 마을 해방";"▔ Вызваленне еўрапейскай вёскі";"▔ Liberation of European Village";"▔ 解\t放\t歐\t洲\t村\t莊";"▔ Liberation of European Village";;
"missions/tutorial_tank_action_arcade/date";"Fall 1944";"Automne 1944";"Autunno 1944";"Fall 1944";"Otoño de 1944";"Осень 1944";"Jesień 1944";"podzim 1944";"Fall 1944";"1944 年\t秋";"1944年秋";"Outono de 1944";"Осінь 1944";"Fall 1944";"Fall 1944";"1944년 가을";"Восень 1944 г.";"Fall 1944";"1944 年\t秋";"Fall 1944";;
"missions/tutorial_tank_action_arcade/objective";"Introductory mission for ground vehicles";"Mission d'introduction aux véhicules terrestres";"Missione introduttiva per i veicoli terrestri";"Introductory mission for ground vehicles";"Misión introductoria para vehículos terrestres";"Вступительная миссия для наземной техники";"Misja zapoznawcza dla pojazdów naziemnych";"Úvodní mise pro bojová vozidla";"Introductory mission for ground vehicles";"了\t解\t与\t地\t面\t载\t具\t有\t关\t的\t知\t识";"地上車両の\t入門\tミッション";"Missão introdutória para veículos terrestres";"Вступна місія для наземної техніки";"Introductory mission for ground vehicles";"Introductory mission for ground vehicles";"지상 장비용 기초 과정";"Уступная місія для наземнай тэхнікі";"Introductory mission for ground vehicles";"了\t解\t與\t地\t面\t載\t具\t有\t關\t的\t知\t識";"Introductory mission for ground vehicles";;
"missions/tutorial_tank_action_arcade/condition";"Wind NE 9 knots, clouds cirrus, visibility unlimited";"Vent du NE à 9 nœuds, nuages cirrus, visibilité illimitée";"Vento NE 9 nodi, cumuli di nuvole , visibilità illimitata";"Wind NE 9 knots, clouds cirrus, visibility unlimited";"Viento NE de 9 nudos, nubes cirrus, visibilidad ilimitada";"Ветер СВ 9 узлов, облака перистые, видимость неограниченная";"Wiatr 9 węzłów z północnego zachodu, chmury pierzaste, widzialność nieograniczona";"Vítr SV 9 uzlů, kupovitá oblačnost, viditelnost neomezená";"Wind NE 9 knots, clouds cirrus, visibility unlimited";"东\t北\t风，\t风\t速 9 节，\t卷\t云，\t能\t见\t度\t极\t好";"北東の\t風\t9\tノット、\t巻雲、\t視界無制限";"Vento NE 9 nós, nuvens cirrus, visibilidade ilimitada";"Вітер Пн-Сх 9 вузлів, хмари перисті, видимість необмежена";"Wind NE 9 knots, clouds cirrus, visibility unlimited";"Wind NE 9 knots, clouds cirrus, visibility unlimited";"북동풍, 풍속 9노트, 적운, 권운 , 시정 제한없음";"Вецер Пн-Ус 9 вузлоў, аблокі пёрыстыя, бачнасць неабмежаваная";"Wind NE 9 knots, clouds cirrus, visibility unlimited";"東\t北\t風，\t風\t速 9 節，\t卷\t雲，\t能\t見\t度\t極\t好";"Wind NE 9 knots, clouds cirrus, visibility unlimited";;
"missions/tutorial_destroyer_basics_arcade/short";"Tutorial: ""Destroyer""";"Tutoriel: ""Destroyer""";"Tutorial: ""Cacciatorpediniere""";"Ausbildungskurs: ""Zerstörer""";"Tutorial: ""Destructor""";"Обучение: ""Эсминец""";"Samouczek: Niszczyciel";"Tutoriál: ""Torpédoborec""";"Tutorial: ""Destroyer""";"新\t手\t教\t程\t—\t—\t驱\t逐\t舰";"チュートリアル：\t「駆逐艦」";"Tutorial: ""Destroyer""";"Навчання: ""Есмінець""";"Tutorial: ""Destroyer""";"Kiképzés: romboló";"훈련 과정: ""구축함""";"Навучанне: ""Эсмінец""";"Tutorial: ""Destroyer""";"新\t手\t教\t程\t—\t—\t驅\t逐\t艦";"新\t手\t教\t程\t—\t—\t攻\t击\t机";;
"missions/tutorial_destroyer_basics_arcade";"┚ ""Destroyer Control Basics""";"┚ ""Contrôles de base des destroyers""";"┚ ""Controlli Base Cacciatorpediniere""";"┚ ""Grundlegende Zerstörersteuerung""";"┚ ""Controles Básicos de Destructores""";"┚ ""Основы управления эсминцем""";"┚ Podstawy sterowania niszczycielem";"┚ ""Základní ovládání torpédoborce""";"┚ ""Destroyer Control Basics""";"┚ “驱\t逐\t舰\t基\t础\t操\t控”";"┚ 「駆逐艦\tコントロールの\t基本」";"┚ ""Controlos Básicos de Contratorpedeiros""";"┚ ""Основи керування есмінцем""";"┚ ""Destroyer Control Basics""";"┚ Rombolóvezérlés alapjai";"┚ ""구축함 조종 기초""";"┚ ""Асновы кіравання эсмінцам""";"┚ ""Destroyer Control Basics""";"┚ “驅\t逐\t艦\t基\t礎\t操\t作”";"驱\t逐\t舰\t控\t制\t基\t础";;
"missions/tutorial_destroyer_basics_arcade/date";"Summer 1942";"Été 1942";"Estate 1942";"Sommer 1942";"Verano de 1942";"Лето 1942";"Lato 1942";"Léto 1942";"Summer 1942";"1942 年\t夏";"1942年・\t夏";"Verão de 1942";"Літо 1942";"Leto 1942.";"1942 nyara";"1942년 여름";"Лета 1942 г.";"Summer 1942";"1942 年\t夏";"1942\t年\t夏\t季";;
"missions/tutorial_destroyer_basics_arcade/objective";"A short tutorial course of basic destroyer controls";"Court tutoriel pour apprendre les contrôles de base du destroyer";"Breve tutorial sui controlli basici dei cacciatorpedinieri";"Dieser Kurs vermittelt die Grundlagen der Steuerungen eines Zerstörers.";"Breve tutorial de controles básicos de destructores";"Краткий курс обучения основным элементам управления эсминцем";"Krótkie szkolenie z podstaw sterowania niszczycielem";"Krátký výcvikový kurs základního ovládání torpédoborce";"Short tutorial course of basic destroyer controls";"学\t习\t如\t何\t操\t控\t驱\t逐\t舰";"基本の\t駆逐艦\tコントロールの\t短い\tチュートリアル\t講座";"Tutorial curto sobre os controlos básicos de um contratorpedeiro";"Короткий навчальний курс основнами елементам керування есмінцем";"Short tutorial course of basic destroyer controls";"Ismerd meg a rombolók vezérlésének alapjait.";"구축함 조종을 위한 단기 기본 훈련 과정";"Кароткі курс навучання асноўным элементам кіравання эсмінцам";"Short tutorial course of basic destroyer controls";"學\t習\t如\t何\t操\t控\t驅\t逐\t艦";"驱\t逐\t舰\t基\t本\t控\t制\t教\t程";;
"missions/tutorial_destroyer_basics_arcade/condition";"Wind E 6 knots, clouds cirrus, cumulus, alto-cumulus, visibility unlimited";"Vent de l'Est 6 noeuds, nuages: cirrus, cumulus, altocumulus, visibilité illimitée";"Vento E 6 nodi, cirri di nuvole, cumuli, cumuli alti, visibilità illimitata";"Wind 6 Knoten Ost, Wolken Zirrus, Cumulus, Altocumulus, unbegrenzte Sicht.";"Viento Este 6 nudos, nubes cirrus, cumulus, alto-cumulus, visibilidad ilimitada";"Ветер В 6 узлов, облака перистые, кучевые, высококучевые, видимость неограниченная";"Wiatr wschodni, 6 węzłów, chmury pierzaste, kłębiaste, średnie kłębiaste, widzialność nieograniczona";"Vítr V, 6 uzlů, oblačnost - cirry, cumuly, alto-cumuly, viditelnost neomezená";"Wind E 6 knots, clouds cirrus, cumulus, alto-cumulus, visibility unlimited";"东\t风，\t风\t速 6 节，\t卷\t云、\t积\t云\t和\t高\t积\t云，\t能\t见\t度\t极\t好";"東の\t風\t6\tノット、\t巻雲、\t積雲、\t高積雲、\t視界無制限";"Vento de E 6 nós, cirros, cúmulos, alto-cúmulos, visibilidade ilimitadda";"Вітер Сх 6 вузлів, перисті хмари, купчасті, висококупчасті, видимість необмежена";"Wind E 6 knots, clouds cirrus, cumulus, alto-cumulus, visibility unlimited";"Keleti szél, szélsebesség 11 km/h, pehelyfelhők és gomolyfelhők, maximális látótávolság";"동풍 6노트, 구름 권운, 적운, 고적운, 시정거리 제한없음";"Вецер Ус 6 вузлоў, аблокі пёрыстыя, кучавыя, высокакучавыя, бачнасць неабмежаваная";"Wind E 6 knots, clouds cirrus, cumulus, alto-cumulus, visibility unlimited";"東\t風 6 節，\t卷\t雲、\t積\t雲\t和\t高\t積\t雲，\t能\t見\t度\t極\t好";"北\t风，\t风\t速 6 节，\t卷\t云、\t积\t云\t和\t高\t积\t云，\t能\t见\t度\t极\t好";;
